{"cameraMode":{"drawMode":0,"name":"Shaded","section":"Shading Mode"},"sceneLighting":true,"audioPlay":false,"sceneViewState":{"m_AlwaysRefresh":false,"showFog":true,"showSkybox":true,"showFlares":true,"showImageEffects":true,"showParticleSystems":true,"showVisualEffectGraphs":true,"m_FxEnabled":true},"in2DMode":false,"pivot":{"x":26.639999389648439,"y":1.1399998664855958,"z":-28.1200008392334},"rotation":{"x":-0.009961667470633984,"y":0.9899770021438599,"z":-0.10165487974882126,"w":-0.09837734699249268},"size":2.598076105117798,"orthographic":false}